chain, residue_label, residue_name, score, zscore, probability, pocket
A,   92, PRO,  1.3803,   0.2454,   0.0898, 14
A,   93, TRP,  1.1103,   0.1074,   0.0523, 14
A,   94, ALA,  0.0000,  -0.4600,   0.0005, 0
A,   95, ARG,  0.9795,   0.0406,   0.0383, 0
A,   96, LEU,  0.1277,  -0.3947,   0.0011, 0
A,   97, TRP,  1.6675,   0.3922,   0.1398, 0
A,   98, ALA,  0.8510,  -0.0251,   0.0271, 0
A,   99, LEU,  1.3373,   0.2234,   0.0832, 9
A,  100, GLN,  1.7327,   0.4255,   0.1520, 9
A,  101, ASP,  1.3573,   0.2337,   0.0862, 0
A,  102, GLY,  1.3258,   0.2175,   0.0811, 0
A,  103, PHE,  1.7921,   0.4558,   0.1642, 0
A,  104, ALA,  1.9213,   0.5219,   0.1913, 0
A,  105, ASN,  1.5258,   0.3198,   0.1142, 0
A,  106, LEU,  0.9317,   0.0161,   0.0336, 0
A,  107, GLU,  0.7888,  -0.0569,   0.0230, 0
A,  108, CYS,  0.0000,  -0.4600,   0.0005, 0
A,  109, VAL,  0.8304,  -0.0356,   0.0257, 0
A,  110, ASN,  1.1172,   0.1109,   0.0531, 0
A,  111, ASP,  1.1710,   0.1384,   0.0595, 0
A,  112, ASN,  1.4862,   0.2995,   0.1074, 0
A,  113, TYR,  0.6911,  -0.1068,   0.0171, 0
A,  114, TRP,  2.2107,   0.6698,   0.2516, 0
A,  115, PHE,  0.0000,  -0.4600,   0.0005, 0
A,  116, GLY,  0.0000,  -0.4600,   0.0005, 0
A,  117, ARG,  2.0841,   0.6051,   0.2245, 0
A,  118, ASP,  0.8351,  -0.0332,   0.0260, 0
A,  119, LYS,  1.0168,   0.0596,   0.0421, 0
A,  120, SER,  0.9083,   0.0042,   0.0316, 0
A,  121, CYS,  0.8333,  -0.0341,   0.0259, 0
A,  122, GLU,  2.0793,   0.6026,   0.2235, 0
A,  123, TYR,  1.8596,   0.4903,   0.1788, 0
A,  124, CYS,  2.0945,   0.6104,   0.2267, 0
A,  125, PHE,  0.0000,  -0.4600,   0.0005, 0
A,  126, ASP,  1.4374,   0.2746,   0.0989, 0
A,  127, GLU,  2.2972,   0.7140,   0.2687, 0
A,  128, PRO,  0.5890,  -0.1590,   0.0119, 0
A,  129, LEU,  1.0614,   0.0824,   0.0469, 0
A,  130, LEU,  0.0000,  -0.4600,   0.0005, 0
A,  131, LYS,  0.9418,   0.0213,   0.0346, 0
A,  132, ARG,  0.8479,  -0.0267,   0.0269, 0
A,  133, THR,  1.4096,   0.2604,   0.0943, 9
A,  134, ASP,  0.9822,   0.0419,   0.0385, 9
A,  135, LYS,  1.5848,   0.3499,   0.1248, 9
A,  136, TYR,  1.4073,   0.2592,   0.0939, 0
A,  137, ARG,  2.1048,   0.6157,   0.2289, 0
A,  138, THR,  1.7457,   0.4321,   0.1546, 0
A,  139, TYR,  1.9315,   0.5271,   0.1936, 0
A,  140, SER,  1.7791,   0.4492,   0.1614, 0
A,  141, LYS,  1.9933,   0.5587,   0.2060, 0
A,  142, LYS,  2.1865,   0.6574,   0.2465, 0
A,  143, HIS,  0.0000,  -0.4600,   0.0005, 0
A,  144, PHE,  0.0000,  -0.4600,   0.0005, 0
A,  145, ARG,  1.4753,   0.2940,   0.1054, 0
A,  146, ILE,  0.0000,  -0.4600,   0.0005, 0
A,  147, PHE,  0.6578,  -0.1238,   0.0153, 0
A,  148, ARG,  1.8849,   0.5032,   0.1840, 14
A,  149, GLU,  0.8951,  -0.0026,   0.0305, 0
A,  150, VAL,  1.1700,   0.1379,   0.0594, 0
A,  151, GLY,  0.5686,  -0.1694,   0.0110, 0
A,  152, PRO,  0.6746,  -0.1152,   0.0162, 0
A,  153, LYS,  2.0092,   0.5668,   0.2093, 0
A,  154, ASN,  3.4658,   1.3112,   0.4715, 4
A,  155, SER,  2.3070,   0.7189,   0.2708, 0
A,  156, TYR,  4.9341,   2.0615,   0.6548, 14
A,  157, ILE,  2.8680,   1.0056,   0.3802, 0
A,  158, ALA,  1.5293,   0.3215,   0.1149, 16
A,  159, TYR,  1.0175,   0.0600,   0.0421, 0
A,  160, ILE,  0.0000,  -0.4600,   0.0005, 0
A,  161, GLU,  1.4614,   0.2868,   0.1030, 0
A,  162, ASP,  0.9346,   0.0176,   0.0339, 0
A,  163, HIS,  2.6857,   0.9125,   0.3437, 0
A,  164, SER,  2.1431,   0.6352,   0.2371, 0
A,  165, GLY,  3.0718,   1.1098,   0.4153, 0
A,  166, ASN,  3.7976,   1.4807,   0.5196, 0
A,  167, GLY,  1.5329,   0.3234,   0.1155, 0
A,  168, THR,  0.0000,  -0.4600,   0.0005, 0
A,  169, PHE,  1.7045,   0.4111,   0.1467, 0
A,  170, VAL,  1.3604,   0.2352,   0.0867, 0
A,  171, ASN,  2.5842,   0.8606,   0.3250, 0
A,  172, THR,  1.4695,   0.2910,   0.1044, 0
A,  173, GLU,  1.2824,   0.1954,   0.0743, 0
A,  174, LEU,  1.9527,   0.5379,   0.1982, 0
A,  175, VAL,  0.6194,  -0.1434,   0.0134, 0
A,  176, GLY,  1.1990,   0.1527,   0.0632, 0
A,  177, LYS,  2.7267,   0.9335,   0.3524, 0
A,  178, GLY,  1.0657,   0.0846,   0.0474, 0
A,  179, LYS,  1.0236,   0.0631,   0.0428, 0
A,  180, ARG,  1.3655,   0.2378,   0.0875, 0
A,  181, ARG,  2.0520,   0.5886,   0.2179, 0
A,  182, PRO,  2.0750,   0.6004,   0.2226, 0
A,  183, LEU,  2.2003,   0.6644,   0.2494, 16
A,  184, ASN,  3.0671,   1.1074,   0.4145, 0
A,  185, ASN,  2.7249,   0.9325,   0.3520, 0
A,  186, ASN,  1.7180,   0.4180,   0.1491, 0
A,  187, SER,  1.4600,   0.2861,   0.1028, 0
A,  188, GLU,  2.0812,   0.6036,   0.2239, 0
A,  189, ILE,  0.0000,  -0.4600,   0.0005, 0
A,  190, ALA,  0.5694,  -0.1690,   0.0110, 0
A,  191, LEU,  0.0000,  -0.4600,   0.0005, 0
A,  192, SER,  1.4416,   0.2767,   0.0996, 0
A,  193, LEU,  2.0995,   0.6129,   0.2277, 0
A,  194, SER,  2.0256,   0.5752,   0.2127, 0
A,  195, ARG,  2.2109,   0.6699,   0.2516, 9
A,  196, ASN,  2.0056,   0.5650,   0.2085, 9
A,  197, LYS,  1.9858,   0.5548,   0.2045, 0
A,  198, VAL,  0.0000,  -0.4600,   0.0005, 0
A,  199, PHE,  0.0000,  -0.4600,   0.0005, 0
A,  200, VAL,  1.0207,   0.0616,   0.0425, 0
A,  201, PHE,  0.0000,  -0.4600,   0.0005, 0
A,  202, PHE,  1.6526,   0.3846,   0.1369, 0
A,  203, ASP,  2.9974,   1.0718,   0.4020, 16
A,  204, LEU,  1.7767,   0.4480,   0.1609, 0
A,  205, THR,  3.0534,   1.1004,   0.4121, 14
A,  206, VAL,  2.2820,   0.7062,   0.2654, 4
A,  207, ASP,  2.0157,   0.5701,   0.2106, 0
A,  208, ASP,  2.5722,   0.8545,   0.3227, 4
A,  209, GLN,  2.2542,   0.6920,   0.2596, 0
A,  210, SER,  2.6678,   0.9034,   0.3402, 0
A,  211, VAL,  3.3877,   1.2712,   0.4615, 4
A,  212, TYR,  1.8583,   0.4897,   0.1785, 4
A,  213, PRO,  1.1378,   0.1215,   0.0555, 0
A,  214, LYS,  1.6256,   0.3707,   0.1320, 0
A,  215, ALA,  1.2365,   0.1719,   0.0684, 0
A,  216, LEU,  0.0000,  -0.4600,   0.0005, 0
A,  217, ARG,  2.0431,   0.5841,   0.2162, 0
A,  218, ASP,  1.0749,   0.0893,   0.0484, 0
A,  219, GLU,  2.1951,   0.6618,   0.2483, 0
A,  220, TYR,  1.5984,   0.3568,   0.1272, 0
A,  221, ILE,  1.8785,   0.5000,   0.1828, 0
A,  222, MET,  1.0097,   0.0560,   0.0413, 0
A,  223, SER,  1.8769,   0.4991,   0.1825, 0
A,  224, LYS,  2.1862,   0.6572,   0.2464, 0
A,  225, THR,  1.4760,   0.2943,   0.1055, 4
A,  226, LEU,  3.1596,   1.1547,   0.4285, 1
A,  227, GLY,  0.7885,  -0.0570,   0.0230, 1
A,  228, SER,  1.4957,   0.3044,   0.1090, 0
A,  229, GLY,  1.3159,   0.2125,   0.0794, 0
A,  230, ALA,  1.4812,   0.2969,   0.1065, 1
A,  231, CYS,  1.4207,   0.2660,   0.0961, 1
A,  232, GLY,  0.6709,  -0.1172,   0.0160, 1
A,  233, GLU,  1.4123,   0.2617,   0.0947, 4
A,  234, VAL,  2.8735,   1.0085,   0.3811, 1
A,  235, LYS,  1.7445,   0.4315,   0.1543, 4
A,  236, LEU,  0.9403,   0.0206,   0.0345, 0
A,  237, ALA,  0.0000,  -0.4600,   0.0005, 0
A,  238, PHE,  2.1180,   0.6224,   0.2316, 0
A,  239, GLU,  1.6300,   0.3730,   0.1328, 0
A,  240, ARG,  1.8845,   0.5031,   0.1839, 0
A,  241, LYS,  0.9699,   0.0357,   0.0374, 0
A,  242, THR,  1.0748,   0.0893,   0.0484, 0
A,  243, CYS,  1.8905,   0.5061,   0.1851, 0
A,  244, LYS,  2.0396,   0.5823,   0.2155, 7
A,  245, LYS,  1.3968,   0.2538,   0.0923, 0
A,  246, VAL,  0.0000,  -0.4600,   0.0005, 0
A,  247, ALA,  3.2678,   1.2100,   0.4448, 1
A,  248, ILE,  0.0000,  -0.4600,   0.0005, 0
A,  249, LYS,  5.4722,   2.3365,   0.7029, 1
A,  250, ILE,  1.6329,   0.3745,   0.1333, 2
A,  251, ILE,  3.2327,   1.1920,   0.4397, 2
A,  252, SER,  1.1174,   0.1110,   0.0531, 4
A,  253, LYS,  1.8532,   0.4871,   0.1774, 4
A,  254, ARG,  2.0663,   0.5960,   0.2208, 2
A,  255, LYS,  2.4245,   0.7790,   0.2950, 2
A,  256, PHE,  3.1806,   1.1654,   0.4316, 0
A,  257, ALA,  1.4612,   0.2868,   0.1030, 0
A,  258, ILE,  1.6695,   0.3932,   0.1402, 0
A,  259, GLY,  1.1554,   0.1305,   0.0576, 0
A,  260, SER,  1.1651,   0.1354,   0.0588, 0
A,  261, ALA,  1.0219,   0.0622,   0.0426, 0
A,  262, ARG,  0.8479,  -0.0267,   0.0269, 0
A,  263, GLU,  1.5579,   0.3361,   0.1200, 0
A,  264, ALA,  0.5672,  -0.1701,   0.0109, 0
A,  265, ASP,  1.6814,   0.3993,   0.1426, 0
A,  266, PRO,  0.8383,  -0.0316,   0.0262, 0
A,  267, ALA,  0.8029,  -0.0497,   0.0239, 0
A,  268, LEU,  1.9912,   0.5576,   0.2056, 0
A,  269, ASN,  2.7051,   0.9224,   0.3480, 0
A,  270, VAL,  4.0321,   1.6005,   0.5538, 2
A,  271, GLU,  2.5861,   0.8616,   0.3253, 0
A,  272, THR,  1.1883,   0.1473,   0.0617, 0
A,  273, GLU,  3.5265,   1.3422,   0.4799, 2
A,  274, ILE,  3.3357,   1.2446,   0.4548, 2
A,  275, GLU,  1.1798,   0.1429,   0.0606, 0
A,  276, ILE,  1.5187,   0.3161,   0.1130, 15
A,  277, LEU,  3.0316,   1.0892,   0.4080, 2
A,  278, LYS,  2.1142,   0.6204,   0.2308, 0
A,  279, LYS,  1.6376,   0.3769,   0.1341, 0
A,  280, LEU,  1.6083,   0.3619,   0.1290, 0
A,  281, ASN,  2.6212,   0.8795,   0.3321, 7
A,  282, HIS,  1.4078,   0.2594,   0.0940, 6
A,  283, PRO,  1.2343,   0.1708,   0.0681, 6
A,  284, CYS,  0.0000,  -0.4600,   0.0005, 0
A,  285, ILE,  0.0000,  -0.4600,   0.0005, 0
A,  286, ILE,  3.3315,   1.2425,   0.4542, 1
A,  287, LYS,  1.9760,   0.5498,   0.2026, 7
A,  288, ILE,  3.1916,   1.1710,   0.4332, 2
A,  289, LYS,  2.5102,   0.8228,   0.3117, 7
A,  290, ASN,  2.4564,   0.7953,   0.3017, 0
A,  291, PHE,  2.4009,   0.7669,   0.2899, 0
A,  292, PHE,  1.5707,   0.3427,   0.1223, 0
A,  293, ASP,  1.5554,   0.3349,   0.1195, 0
A,  294, ALA,  1.0439,   0.0735,   0.0450, 0
A,  295, GLU,  1.3963,   0.2536,   0.0922, 4
A,  296, ASP,  1.6880,   0.4027,   0.1438, 4
A,  297, TYR,  1.8210,   0.4706,   0.1704, 2
A,  298, TYR,  1.3749,   0.2426,   0.0890, 4
A,  299, ILE,  4.0200,   1.5944,   0.5523, 2
A,  300, VAL,  0.0000,  -0.4600,   0.0005, 0
A,  301, LEU,  4.6899,   1.9367,   0.6290, 1
A,  302, GLU,  2.4001,   0.7665,   0.2898, 7
A,  303, LEU,  3.7382,   1.4504,   0.5103, 1
A,  304, MET,  2.8294,   0.9859,   0.3724, 1
A,  305, GLU,  1.8736,   0.4975,   0.1818, 0
A,  306, GLY,  1.3771,   0.2438,   0.0893, 0
A,  307, GLY,  1.3704,   0.2404,   0.0883, 1
A,  308, GLU,  3.4712,   1.3139,   0.4722, 1
A,  309, LEU,  0.0000,  -0.4600,   0.0005, 0
A,  310, PHE,  4.0003,   1.5843,   0.5495, 3
A,  311, ASP,  2.9344,   1.0396,   0.3913, 0
A,  312, LYS,  1.8387,   0.4796,   0.1743, 0
A,  313, VAL,  1.8169,   0.4685,   0.1695, 3
A,  314, VAL,  1.7006,   0.4091,   0.1460, 3
A,  315, GLY,  0.9726,   0.0370,   0.0376, 3
A,  316, ASN,  1.7454,   0.4320,   0.1545, 3
A,  317, LYS,  1.4106,   0.2609,   0.0944, 0
A,  318, ARG,  1.7079,   0.4128,   0.1473, 0
A,  319, LEU,  1.1657,   0.1357,   0.0588, 0
A,  320, LYS,  1.5874,   0.3512,   0.1253, 0
A,  321, GLU,  2.7631,   0.9521,   0.3593, 0
A,  322, ALA,  2.7106,   0.9252,   0.3492, 0
A,  323, THR,  2.2822,   0.7063,   0.2655, 0
A,  324, CYS,  0.9126,   0.0064,   0.0319, 0
A,  325, LYS,  3.3389,   1.2463,   0.4552, 0
A,  326, LEU,  0.6207,  -0.1428,   0.0134, 0
A,  327, TYR,  0.0000,  -0.4600,   0.0005, 0
A,  328, PHE,  0.7412,  -0.0812,   0.0201, 0
A,  329, TYR,  1.2922,   0.2004,   0.0756, 6
A,  330, GLN,  0.0000,  -0.4600,   0.0005, 0
A,  331, MET,  0.7412,  -0.0812,   0.0201, 0
A,  332, LEU,  0.0000,  -0.4600,   0.0005, 0
A,  333, LEU,  0.7596,  -0.0718,   0.0213, 6
A,  334, ALA,  0.0000,  -0.4600,   0.0005, 0
A,  335, VAL,  0.0000,  -0.4600,   0.0005, 0
A,  336, GLN,  0.7738,  -0.0645,   0.0221, 6
A,  337, TYR,  1.5913,   0.3532,   0.1260, 6
A,  338, LEU,  0.0000,  -0.4600,   0.0005, 0
A,  339, HIS,  1.3020,   0.2054,   0.0770, 0
A,  340, GLU,  1.2793,   0.1938,   0.0739, 6
A,  341, ASN,  1.8098,   0.4649,   0.1679, 0
A,  342, GLY,  0.9661,   0.0337,   0.0370, 12
A,  343, ILE,  1.1081,   0.1063,   0.0520, 12
A,  344, ILE,  1.4011,   0.2560,   0.0929, 12
A,  345, HIS,  0.6768,  -0.1141,   0.0163, 0
A,  346, ARG,  1.4713,   0.2919,   0.1047, 1
A,  347, ASP,  1.7424,   0.4304,   0.1539, 1
A,  348, LEU,  0.0000,  -0.4600,   0.0005, 0
A,  349, LYS,  1.4386,   0.2752,   0.0991, 1
A,  350, PRO,  2.4999,   0.8176,   0.3098, 3
A,  351, GLU,  2.3900,   0.7614,   0.2878, 1
A,  352, ASN,  1.0666,   0.0851,   0.0475, 1
A,  353, VAL,  0.0000,  -0.4600,   0.0005, 0
A,  354, LEU,  3.3700,   1.2622,   0.4595, 1
A,  355, LEU,  0.0000,  -0.4600,   0.0005, 0
A,  356, SER,  0.8241,  -0.0388,   0.0252, 7
A,  357, SER,  1.0919,   0.0980,   0.0502, 11
A,  358, GLN,  1.7556,   0.4372,   0.1566, 0
A,  359, GLU,  1.2236,   0.1653,   0.0667, 11
A,  360, GLU,  0.9752,   0.0384,   0.0378, 0
A,  361, ASP,  1.5159,   0.3147,   0.1125, 11
A,  362, CYS,  0.4065,  -0.2522,   0.0058, 11
A,  363, LEU,  0.8046,  -0.0488,   0.0240, 7
A,  364, ILE,  0.0000,  -0.4600,   0.0005, 0
A,  365, LYS,  0.6717,  -0.1167,   0.0160, 7
A,  366, ILE,  0.0000,  -0.4600,   0.0005, 0
A,  367, THR,  4.1121,   1.6414,   0.5642, 1
A,  368, ASP,  4.1468,   1.6592,   0.5689, 1
A,  369, PHE,  3.2244,   1.1878,   0.4383, 2
A,  370, GLY,  2.7050,   0.9224,   0.3479, 2
A,  371, HIS,  4.2257,   1.6995,   0.5786, 12
A,  372, SER,  2.6774,   0.9082,   0.3419, 12
A,  373, LYS,  3.1953,   1.1729,   0.4338, 1
A,  374, ILE,  2.2551,   0.6925,   0.2597, 12
A,  375, LEU,  2.2881,   0.7093,   0.2668, 0
A,  376, GLY,  0.6858,  -0.1095,   0.0168, 0
A,  377, GLU,  1.3649,   0.2375,   0.0874, 0
A,  378, THR,  1.1970,   0.1517,   0.0629, 1
A,  379, SER,  1.5612,   0.3378,   0.1206, 0
A,  380, LEU,  1.8581,   0.4895,   0.1784, 1
A,  381, MET,  1.9238,   0.5232,   0.1919, 3
A,  382, ARG,  1.7365,   0.4274,   0.1527, 0
A,  383, THR,  1.3276,   0.2185,   0.0815, 1
A,  384, LEU,  1.1235,   0.1142,   0.0538, 3
A,  385, CYS,  1.6022,   0.3588,   0.1279, 1
A,  386, GLY,  3.7816,   1.4725,   0.5171, 3
A,  387, THR,  4.0225,   1.5957,   0.5526, 3
A,  388, PRO,  2.5888,   0.8630,   0.3258, 3
A,  389, THR,  2.4491,   0.7916,   0.3003, 3
A,  390, TYR,  3.8587,   1.5120,   0.5281, 3
A,  391, LEU,  1.0160,   0.0592,   0.0420, 0
A,  392, ALA,  0.2513,  -0.3316,   0.0026, 0
A,  393, PRO,  0.2468,  -0.3338,   0.0025, 0
A,  394, GLU,  1.1924,   0.1494,   0.0623, 0
A,  395, VAL,  0.9249,   0.0127,   0.0330, 0
A,  396, LEU,  1.3516,   0.2307,   0.0854, 0
A,  397, VAL,  1.6295,   0.3728,   0.1327, 0
A,  398, SER,  1.7754,   0.4473,   0.1606, 0
A,  399, VAL,  1.8460,   0.4834,   0.1758, 0
A,  400, GLY,  1.7902,   0.4549,   0.1638, 0
A,  401, THR,  2.6745,   0.9068,   0.3413, 0
A,  402, ALA,  2.1674,   0.6476,   0.2423, 13
A,  403, GLY,  1.6972,   0.4074,   0.1454, 0
A,  404, TYR,  2.8020,   0.9719,   0.3668, 12
A,  405, ASN,  2.6575,   0.8981,   0.3385, 5
A,  406, ARG,  2.4550,   0.7946,   0.3014, 5
A,  407, ALA,  1.4035,   0.2573,   0.0933, 5
A,  408, VAL,  0.5738,  -0.1668,   0.0112, 0
A,  409, ASP,  0.0000,  -0.4600,   0.0005, 0
A,  410, CYS,  0.8410,  -0.0302,   0.0264, 5
A,  411, TRP,  0.0000,  -0.4600,   0.0005, 0
A,  412, SER,  0.0000,  -0.4600,   0.0005, 0
A,  413, LEU,  0.0000,  -0.4600,   0.0005, 0
A,  414, GLY,  0.0000,  -0.4600,   0.0005, 0
A,  415, VAL,  0.0000,  -0.4600,   0.0005, 0
A,  416, ILE,  0.0000,  -0.4600,   0.0005, 0
A,  417, LEU,  0.7412,  -0.0812,   0.0201, 0
A,  418, PHE,  0.0000,  -0.4600,   0.0005, 0
A,  419, ILE,  2.8929,   1.0184,   0.3843, 3
A,  420, CYS,  0.8833,  -0.0086,   0.0297, 0
A,  421, LEU,  0.7837,  -0.0595,   0.0227, 0
A,  422, SER,  0.7709,  -0.0660,   0.0220, 0
A,  423, GLY,  1.0167,   0.0596,   0.0421, 3
A,  424, TYR,  2.5199,   0.8278,   0.3135, 3
A,  425, PRO,  3.3526,   1.2533,   0.4572, 3
A,  426, PRO,  0.0000,  -0.4600,   0.0005, 0
A,  427, PHE,  0.7642,  -0.0695,   0.0216, 3
A,  428, SER,  1.1754,   0.1407,   0.0600, 3
A,  429, GLU,  1.2253,   0.1662,   0.0670, 3
A,  430, HIS,  1.8526,   0.4867,   0.1773, 3
A,  431, ARG,  1.2881,   0.1983,   0.0751, 0
A,  432, THR,  0.8235,  -0.0391,   0.0252, 0
A,  433, GLN,  1.6503,   0.3834,   0.1365, 8
A,  434, VAL,  1.2787,   0.1935,   0.0739, 8
A,  435, SER,  1.1951,   0.1507,   0.0626, 0
A,  436, LEU,  1.0183,   0.0604,   0.0422, 3
A,  437, LYS,  1.8964,   0.5091,   0.1862, 0
A,  438, ASP,  1.4044,   0.2577,   0.0934, 0
A,  439, GLN,  0.8047,  -0.0488,   0.0240, 8
A,  440, ILE,  0.4791,  -0.2152,   0.0079, 0
A,  441, THR,  1.1352,   0.1202,   0.0552, 0
A,  442, SER,  1.4018,   0.2564,   0.0930, 0
A,  443, GLY,  1.5644,   0.3395,   0.1212, 0
A,  444, LYS,  2.0544,   0.5899,   0.2184, 8
A,  445, TYR,  2.4536,   0.7939,   0.3012, 8
A,  446, ASN,  1.7746,   0.4469,   0.1605, 8
A,  447, PHE,  2.2390,   0.6842,   0.2568, 0
A,  448, ILE,  1.7004,   0.4090,   0.1460, 10
A,  449, PRO,  0.6911,  -0.1068,   0.0171, 0
A,  450, GLU,  0.9403,   0.0206,   0.0345, 0
A,  451, VAL,  1.3471,   0.2284,   0.0847, 0
A,  452, TRP,  0.7472,  -0.0781,   0.0205, 0
A,  453, ALA,  0.6814,  -0.1118,   0.0165, 0
A,  454, GLU,  1.3924,   0.2516,   0.0916, 0
A,  455, VAL,  1.2126,   0.1597,   0.0651, 0
A,  456, SER,  1.5881,   0.3516,   0.1254, 0
A,  457, GLU,  1.1615,   0.1336,   0.0583, 0
A,  458, LYS,  1.0429,   0.0730,   0.0449, 0
A,  459, ALA,  0.0000,  -0.4600,   0.0005, 0
A,  460, LEU,  1.1517,   0.1286,   0.0572, 0
A,  461, ASP,  1.0086,   0.0554,   0.0412, 0
A,  462, LEU,  0.0000,  -0.4600,   0.0005, 0
A,  463, VAL,  0.0000,  -0.4600,   0.0005, 0
A,  464, LYS,  1.9993,   0.5617,   0.2072, 0
A,  465, LYS,  1.2309,   0.1690,   0.0677, 0
A,  466, LEU,  0.0000,  -0.4600,   0.0005, 0
A,  467, LEU,  0.8103,  -0.0459,   0.0243, 0
A,  468, VAL,  1.0071,   0.0547,   0.0410, 0
A,  469, VAL,  1.2333,   0.1702,   0.0680, 0
A,  470, ASP,  0.7590,  -0.0721,   0.0213, 0
A,  471, PRO,  1.4198,   0.2656,   0.0959, 5
A,  472, LYS,  1.5467,   0.3304,   0.1179, 5
A,  473, ALA,  0.9391,   0.0199,   0.0344, 0
A,  474, ARG,  1.0288,   0.0657,   0.0434, 5
A,  475, PHE,  1.7986,   0.4592,   0.1655, 0
A,  476, THR,  1.6754,   0.3962,   0.1414, 5
A,  477, THR,  1.0861,   0.0950,   0.0496, 5
A,  478, GLU,  1.7503,   0.4345,   0.1555, 5
A,  479, GLU,  1.2420,   0.1747,   0.0691, 0
A,  480, ALA,  0.0000,  -0.4600,   0.0005, 0
A,  481, LEU,  0.7786,  -0.0621,   0.0224, 6
A,  482, ARG,  1.1479,   0.1266,   0.0567, 17
A,  483, HIS,  0.9314,   0.0160,   0.0336, 0
A,  484, PRO,  1.2092,   0.1579,   0.0646, 0
A,  485, TRP,  2.1049,   0.6157,   0.2289, 0
A,  486, LEU,  0.0000,  -0.4600,   0.0005, 0
A,  487, GLN,  1.1720,   0.1389,   0.0596, 17
A,  488, ASP,  2.7528,   0.9468,   0.3574, 0
A,  489, GLU,  0.8975,  -0.0014,   0.0307, 0
A,  490, ASP,  1.8138,   0.4669,   0.1688, 0
A,  491, MET,  1.6125,   0.3640,   0.1297, 0
A,  492, LYS,  1.3419,   0.2258,   0.0839, 6
A,  493, ARG,  0.9354,   0.0181,   0.0340, 0
A,  494, LYS,  2.0051,   0.5647,   0.2084, 0
A,  495, PHE,  0.6399,  -0.1330,   0.0144, 6
A,  496, GLN,  1.1765,   0.1412,   0.0602, 6
A,  497, ASP,  0.8565,  -0.0223,   0.0276, 0
A,  498, LEU,  0.8114,  -0.0453,   0.0244, 11
A,  499, LEU,  0.7832,  -0.0598,   0.0227, 6
A,  500, SER,  0.7460,  -0.0787,   0.0204, 0
A,  501, GLU,  1.2239,   0.1655,   0.0668, 7
